金庸	射鵰英雄傳	?M=book&P=55	美格騰製作 2006/2/12 (1896K) tiknuhc按掃描檔勘誤多處 2017/8/4
金庸	神鵰俠侶	?M=book&P=56	CE校正 2013/2/8 (1917K) 章雪曼勘誤 2015/10/2
金庸	倚天屠龍記	?M=book&P=57	美格騰製作 2007/6/1 (1940K) Read2015勘誤一13處二11處三51處四22處 2016/5/6
金庸	書劍恩仇錄	?M=book&P=58	美格騰製作 2003/3/28 (1024K) 士兵勘誤上1處下1處 2017/10/6
金庸	碧血劍	?M=book&P=59	美格騰製作 2003/7/30 (859K) JC勘誤上1處下2處 2016/2/5
金庸	連城訣	?M=book&P=62	美格騰製作 2003/10/23 (479K) tiknuhc按掃描檔勘誤多處 2017/9/1
金庸	雪山飛狐	?M=book&P=60	美格騰製作 2003/12/22 (270K) 羅速齋勘誤4處 2015/5/6
金庸	飛狐外傳	?M=book&P=61	美格騰製作 2005/9/15 (887K) mark勘誤 2015/8/7
金庸	俠客行	?M=book&P=63	美格騰製作 2003/6/30 (755K) sky按掃描檔勘誤上66處下57處 2016/5/6
金庸	天龍八部	?M=book&P=65	美格騰製作 2003/9/29 (2449K) tiknuhc按掃描檔勘誤多處 2017/7/7
金庸	笑傲江湖	?M=book&P=66	tiknuhc校正 2015/11/6 (2020K)
金庸	鹿鼎記	?M=book&P=67	美格騰製作 2003/7/11 (2541K) 敖先榮勘誤6處 2016/10/7
金庸	袁崇煥評傳	?M=book&P=257	美格騰製作 2003/7/30 (149K)
金庸	鴛鴦刀	?M=book&P=259	美格騰製作 2003/11/3 (71K) mPDB勘誤4處 2016/12/2
金庸	越女劍	?M=book&P=10U4	美格騰製作 2003/6/30 (35K) sky按掃描檔勘誤10處 2016/5/6
金庸	白馬嘯西風	?M=book&P=260	美格騰製作 2003/11/4 (140K) mPDB轉檔 2010/10/16
金庸	舊版射鵰英雄傳	?M=book&P=301	兩位讀友製作 2004/6/19 (1762K) ED2015勘誤 2015/4/3
金庸	舊版神鵰俠侶	?M=book&P=354	ysj製作 2004/7/10 (2035K) ED2015勘誤 2015/4/3
金庸	舊版碧血劍	?M=book&P=377	ysj製作 2005/4/21 (716K) ED2015勘誤 2015/5/1
金庸	舊版倚天屠龍記	?M=book&P=412	ysj製作 2005/8/23 (2108K) ED2015、TC勘誤 2015/5/1
金庸	舊版雪山飛狐	?M=book&P=501	某讀友製作 2006/11/10 (261K) mPDB勘誤 2011/10/10
金庸	舊版笑傲江湖	?M=book&P=517	兩位讀友製作 2007/1/7 (2131K) 敖先榮勘誤70處 2017/1/6
金庸	舊版書劍恩仇錄	?M=book&P=543	兩位讀友製作 2007/11/14 (1104K) mPDB勘誤103處 2017/4/7
金庸	舊版天龍八部	?M=book&P=552	兩位讀友製作 2008/9/22 (2651K) mPDB勘誤218處 2017/4/7
金庸	舊版素心劍	?M=book&P=10U2	本尊小瘋子製作 2010/12/20 (486K)
金庸	舊版白馬嘯西風	?M=book&P=10P5	本尊小瘋子製作 2010/10/26 (166K)
金庸	新修版神鵰俠侶	?M=book&P=10U8	RSW製作 2010/1/2 (493K) 申明生勘誤三158處四137處 2017/7/7
金庸	新修版鴛鴦刀	?M=book&P=1130	RSW製作 2011/3/11 (72K) sue1289勘誤17處 2017/10/6
金庸	新修版白馬嘯西風	?M=book&P=10P6	RSW製作 2010/10/26 (142K)
倪匡	我看金庸小說	?M=book&P=17C1	henry142製作 2017/5/5 (105K) Erving Zhao勘誤5處 2017/9/1
倪匡	再看金庸小說	?M=book&P=17C3	henry142製作 2017/5/5 (131K)
倪匡	三看金庸小說	?M=book&P=17C9	henry142製作 2017/5/5 (157K) tiknuhc勘誤35處、Gilbert勘誤1處 2017/6/2
倪匡	四看金庸小說	?M=book&P=17D4	henry142製作 2017/6/2 (141K)
倪匡	五看金庸小說	?M=book&P=17E2	henry142製作 2017/6/2 (159K)
倪匡	論金庸	?M=Share&P=0322	何永鴻製作 2003/5/22 (75K) 敖先榮勘誤 2012/11/16
倪匡	逝去的武林	?M=Share&P=0961	蒙天放製作 2009/9/15 (165K)
倪匡	null	?M=m&P=I0429:0">金庸傳奇</a>》<a href="PDB/I/0429.pdb	 何永鴻製作 2004/7/5 (323K) 2010/5/28
顧明道	荒江女俠	?M=book&P=17E6	邱應琦製作 2017/6/2 (1897K)
還珠樓主	北海屠龍記	?M=book&P=16S0	嘉明製作 2016/12/2 (234K)
平江不肖生	近代俠義英雄傳	?M=book&P=17I2	嘉明製作 2017/8/4 (1571K)
平江不肖生	玉玦金環錄	?M=book&P=17J4	嘉明製作 2017/9/1 (801K)
平江不肖生	江湖奇俠傳	?M=Share&P=09D2	L8879校正 2015/12/4 (2105K) 簡華特按原書勘誤1310處、sue1289勘誤53處 2017/4/7
王度廬	鶴驚崑崙	?M=book&P=1566	邱應琦製作 2015/2/6 (951K) giff勘誤21處 2017/4/7
王度廬	寶劍金釵	?M=book&P=1567	邱應琦製作 2015/2/6 (778K) giff勘誤9處、Steve勘誤24處 2017/5/5
王度廬	劍氣珠光	?M=book&P=1568	邱應琦製作 2015/2/6 (692K) mPDB勘誤16處 2016/12/2
王度廬	臥虎藏龍	?M=book&P=15A9	邱應琦製作 2015/3/6 (967K)
王度廬	燕市俠伶	?M=book&P=1632	守民製作 2016/3/4 (151K) Gilbert勘誤6處 2016/3/4
王度廬	風雨雙龍劍	?M=book&P=1633	守民製作 2016/3/4 (398K)
鄭丰	多情浪子癡情俠	?M=book&P=14R7	嘉明製作 2014/8/1 (1641K) Isabel勘誤 2015/9/4
鄭丰	神偷天下	?M=book&P=16P7	嘉明製作 2016/11/4 (1022K) 敖先榮勘誤一19處 2017/8/4
步飛煙	武林客棧．日曜卷	?M=book&P=14P3	嘉明製作 2014/8/1 (362K) Gilbert勘誤 2014/9/5
步飛煙	武林客棧．月闕卷	?M=book&P=14P4	嘉明製作 2014/8/1 (399K) Gilbert勘誤 2014/9/5
步飛煙	武林客棧．星漣卷	?M=book&P=14P8	嘉明製作 2014/8/1 (475K) Gilbert勘誤 2014/9/5
蕭玉寒	三國異俠傳．卷一	?M=book&P=1361	嘉明製作 2013/3/1 (160K) 簡華特勘誤41處 2017/7/7
蕭玉寒	三國異俠傳．卷二	?M=book&P=1362	嘉明製作 2013/3/1 (160K) 簡華特勘誤35處 2017/7/7
蕭玉寒	三國異俠傳．卷三	?M=book&P=1363	嘉明製作 2013/3/1 (160K) 簡華特勘誤57處 2017/7/7
蕭玉寒	三國異俠傳．卷四	?M=book&P=1365	嘉明製作 2013/3/8 (160K) 簡華特勘誤59處 2017/7/7
蕭玉寒	三國異俠傳．卷五	?M=book&P=1366	嘉明製作 2013/3/8 (158K) 簡華特勘誤54處 2017/7/7
蕭玉寒	三國異俠傳．卷六	?M=book&P=1367	嘉明製作 2013/3/8 (157K) 簡華特勘誤48處 2017/7/7
蕭玉寒	三國異俠傳．卷七	?M=book&P=1368	嘉明製作 2013/3/8 (158K) 簡華特勘誤19處 2017/7/7
蕭玉寒	三國異俠傳．卷八	?M=book&P=1372	嘉明製作 2013/3/15 (159K) 簡華特勘誤76處 2017/7/7
蕭玉寒	三國異俠傳．卷九	?M=book&P=1373	嘉明製作 2013/3/15 (160K) 簡華特勘誤96處 2017/7/7
蕭玉寒	三國異俠傳．卷十	?M=book&P=1374	嘉明製作 2013/3/15 (159K) 簡華特勘誤40處 2017/7/7
方白羽	千門卷一：千門之門	?M=book&P=16L6	張燈製作 2016/10/7 (226K) 簡華特勘誤3處 2017/10/6
方白羽	千門卷二：千門之花	?M=book&P=16L7	張燈製作 2016/10/7 (245K) 簡華特勘誤11處 2017/10/6
方白羽	千門卷三：千門之雄	?M=book&P=16M5	張燈製作 2016/11/4 (246K) 簡華特勘誤28處 2017/10/6
方白羽	千門卷四：千門之威	?M=book&P=16P4	張燈製作 2016/11/4 (220K) 簡華特勘誤20處 2017/10/6
方白羽	千門卷五：千門之心	?M=book&P=16R8	張燈製作 2016/12/2 (218K) 簡華特勘誤19處 2017/10/6
方白羽	千門卷六：千門之聖	?M=book&P=1704	張燈製作 2017/1/6 (265K) 簡華特勘誤18處 2017/10/6
上官鼎	長干行	?M=book&P=1310	嘉明製作 2013/1/11 (1225K) 敖先榮勘誤 2013/5/31
上官鼎	七步干戈	?M=book&P=1317	嘉明製作 2013/1/18 (1487K)
伴霞樓主	紫府迷蹤．奔雷小劍	?M=book&P=1369	嘉明製作 2013/3/8 (940K) Gilbert勘誤61處 2016/3/4
伴霞樓主	紫府迷蹤．冤有頭債有主	?M=book&P=13C0	嘉明製作 2013/5/17 (912K) mPDB勘誤58處 2016/3/4
伴霞樓主	紫府迷蹤．蒼天有眼	?M=book&P=13D7	嘉明製作 2013/6/21 (872K) mPDB勘誤32處 2016/3/4
陳青雲	雪劍冰心	?M=book&P=10S1	嘉明製作 2010/11/22 (726K) 嘉明勘誤 2014/9/5
陳青雲	刀劍金鷹	?M=book&P=13E1	guinness製作 2013/6/28 (464K) 邱應琦勘誤補缺 2013/11/8
陳青雲	異鄉客	?M=book&P=15J2	guinness製作 2015/6/5 (443K) ED2015勘誤 2015/6/5
陳青雲	寒星冷月仇	?M=book&P=15H7	呂旭栴製作 2015/5/1 (1057K) ED2015勘誤 2015/5/1
陳青雲	黑儒傳	?M=book&P=15J0	null
陳青雲	鐵笛震武林	?M=book&P=15K8	L8879製作 2015/6/5 (969K) ED2015勘誤 2015/7/3
陳青雲	殘肢令	?M=book&P=15M1	L8879製作 2015/7/3 (847K) 峰勘誤 2015/7/3
雪雁	龍劍青萍	?M=book&P=13F0	嘉明製作 2013/7/19 (1065K)
雪雁	佛功魔影	?M=book&P=1445	嘉明製作 2014/2/7 (1095K)
易容	王者之劍	?M=book&P=14V7	嘉明製作 2014/10/3 (1442K)
易容	河嶽點將錄	?M=book&P=14X2	嘉明製作 2014/10/3 (837K)
易容	鑄劍師	?M=book&P=17G9	嘉明製作 2017/8/4 (275K) Gilbert勘誤16處 2017/9/1
易容	雙劍傳說	?M=book&P=17H8	嘉明製作 2017/8/4 (195K) Gilbert勘誤9處 2017/10/6
金庸新	九陰九陽	?M=book&P=14BB2	嘉明製作 2014/11/7 (850K) 簡華特勘誤153處 2017/2/3
金庸新	大俠風清揚	?M=book&P=14BC4	嘉明製作 2014/12/5 (726K) 簡華特勘誤215處 2017/2/3
墨餘生	瓊海騰蛟	?M=book&P=15F6	嘉明製作 2015/5/1 (910K) ED2015勘誤 2015/6/5
墨餘生	海天情侶	?M=book&P=15G6	嘉明製作 2015/5/1 (970K) ED2015勘誤 2015/5/1
翔子	放縱劍魂	?M=book&P=17Y8	嘉明製作 2017/12/1 (840K)
秋夢痕	血旗震山河	?M=book&P=16Q9	嘉明製作 2016/12/2 (725K)
戊戟	江湖傳奇	?M=book&P=14Y9	嘉明製作 2014/11/7 (2004K) 敖先榮勘誤 2015/1/2
秦紅	九龍燈	?M=book&P=14S7	嘉明製作 2014/9/5 (930K) 敖先榮勘誤 2015/2/6
曹若冰	金劍寒梅	?M=book&P=13I0	嘉明製作 2013/9/20 (798K) 難兄難弟勘誤 2014/9/5
高庸	殘劍孤星	?M=book&P=1192	嘉明製作 2011/6/17 (974K) 難兄難弟、ED2015勘誤 2015/3/6
高庸	胭脂寶刀	?M=book&P=1533	嘉明製作 2015/2/6 (974K)
高庸	旋風十八騎	?M=book&P=1597	嘉明製作 2015/3/6 (748K) 廖德強勘誤11處 2017/4/7
蘇素	寶器江湖	?M=book&P=1643	嘉明製作 2016/3/4 (485K)
歐陽雲飛	魔中俠	?M=book&P=1110	嘉明製作 2011/1/21 (1379K)
于東樓	短刀行	?M=Share&P=10K5	陳偉森製作 2010/8/22 (563K) giff勘誤5處 2017/7/7
岳勇	追夢神捕	?M=book&P=13B0	Smiley製作 2013/5/3 (53K) 敖先榮勘誤 2013/5/17
岳勇	龍虎風雲	?M=book&P=13F8	嘉明製作 2013/8/16 (315K) 敖先榮勘誤 2013/8/30
岳勇	神劍山莊	?M=book&P=14N7	嘉明製作 2014/7/4 (460K)
白羽	偷拳	?M=book&P=1379	null
朱貞木	羅剎夫人	?M=Share&P=0929	陳偉森製作 2009/8/31 (633K) 敖先榮勘誤 2012/11/2
蕭鼎	誅仙	?M=Share&P=0990	null
梁羽生	女帝奇英傳	?M=book&P=35	美格騰製作 2003/7/15 (785K) YSG勘誤 2015/8/7
梁羽生	大唐游俠傳	?M=book&P=13G9	邱應琦校正 2013/8/30 (942K) giff勘誤7處 2017/5/5
梁羽生	龍鳳寶釵緣	?M=Share&P=0985	嘉明製作  2009/10/14 (1200K) 嘉明補缺 2015/9/4
梁羽生	慧劍心魔	?M=Share&P=1067	嘉明製作 2010/3/22 (1092K) mPDB勘誤 2014/3/7
梁羽生	武林天驕	?M=Share&P=09B3	嘉明製作 2009/11/9 (674K) giff勘誤66處 2016/12/2
梁羽生	飛鳳潛龍	?M=Share&P=1046	嘉明製作 2010/2/26 (126K) giff勘誤1處 2017/8/4
梁羽生	狂俠天驕魔女	?M=Share&P=1074	嘉明製作 2010/4/5 (2810K) YSG勘誤 2015/8/7
梁羽生	瀚海雄風	?M=Share&P=1064	嘉明製作 2010/3/19 (1256K) 揚帆、ED2015勘誤 2015/5/1
梁羽生	鳴鏑風雲錄	?M=Share&P=10L6	嘉明製作 2010/9/2 (2437K) ED2015勘誤 2015/2/6
梁羽生	風雲雷電	?M=Share&P=10G6	嘉明製作 2010/7/12 (1566K) 大漢皇族勘誤 2015/10/2
梁羽生	還劍奇情錄	?M=Share&P=1027	嘉明製作 2010/2/5 (249K) giff勘誤1處 2016/4/1
梁羽生	萍蹤俠影錄	?M=book&P=34	美格騰製作 2003/7/15 (827K) 胡剛毅勘誤上1處 2017/7/7
梁羽生	散花女俠	?M=Share&P=0101	嘉明製作 2010/1/1 (907K) 大漢皇族勘誤187處、ED2015勘誤5處 2015/11/6
梁羽生	聯劍風雲錄	?M=Share&P=1034	嘉明製作 2010/2/14 (960K) 敖先榮勘誤28處 2016/2/5
梁羽生	廣陵劍	?M=Share&P=1020	嘉明製作 2010/1/24 (1532K) James勘誤 2013/9/13
梁羽生	武當一劍	?M=Share&P=10N2	嘉明製作 2010/9/17 (1252K) giff勘誤6處 2016/7/1
梁羽生	白髮魔女傳	?M=book&P=438	guinness校正 2013/1/18 (815K) 簡華特勘誤25處 2017/11/3
梁羽生	塞外奇俠傳	?M=book&P=439	guinness校正 2013/1/18 (189K) 林榮芳勘誤 2014/3/7
梁羽生	七劍下天山	?M=book&P=440	邱應琦校正 2013/8/16 (803K) ED2015勘誤 2015/7/3
梁羽生	江湖三女俠	?M=Share&P=09A6	嘉明製作 2009/10/30 (1220K) 藍大樹勘誤38處 2016/5/6
梁羽生	冰魄寒光劍	?M=Share&P=10F1	嘉明製作 2010/6/27 (229K) 藍大樹勘誤9處 2016/9/2
梁羽生	冰川天女傳	?M=book&P=441	美格騰製作 2005/10/7 (985K) 藍大樹勘誤28處 2016/6/3
梁羽生	雲海玉弓緣	?M=book&P=564	guinness校正 2013/4/19 (1230K) James勘誤 2013/12/6
梁羽生	冰河洗劍錄	?M=book&P=568	Andy Lin製作 2009/8/21 (1329K) 敖先榮勘誤116處 2016/11/4
梁羽生	風雷震九州	?M=Share&P=09B7	嘉明製作 2009/11/12 (1288K) ED2015勘誤31處 2016/1/1
梁羽生	俠骨丹心	?M=Share&P=09F4	嘉明製作 2009/12/21 (1177K) giff勘誤7處 2016/1/1
梁羽生	遊劍江湖	?M=Share&P=10L7	嘉明製作 2010/9/3 (1680K) James勘誤 2014/1/3
梁羽生	牧野流星	?M=Share&P=10L8	嘉明製作 2010/9/4 (1660K) James勘誤 2014/1/3
梁羽生	彈指驚雷	?M=Share&P=10L9	嘉明製作 2010/9/5 (997K) James勘誤 2014/1/3
梁羽生	絕塞傳烽錄	?M=Share&P=10M0	嘉明製作 2010/9/6 (772K) mPDB勘誤 2014/3/7
梁羽生	劍網塵絲	?M=Share&P=10M1	嘉明製作 2010/9/7 (1231K) giff勘誤13處 2017/8/4
梁羽生	幻劍靈旗	?M=Share&P=10M5	嘉明製作 2010/9/11 (706K) giff勘誤6處 2017/9/1
梁羽生	龍虎鬥京華	?M=Share&P=1043	嘉明製作 2010/2/20 (416K) giff勘誤7處 2015/12/4
梁羽生	草莽龍蛇傳	?M=Share&P=1083	嘉明製作 2010/4/11 (362K) mPDB勘誤 2014/3/7
臥龍生	玉釵盟	?M=book&P=161	美格騰製作 2002/10/17 (1602K) 喬峰勘誤262處 2016/7/1
臥龍生	鐵笛神劍	?M=book&P=184	美格騰製作 2004/6/8 (1151K) 敖先榮勘誤 2015/1/2
臥龍生	素手劫	?M=book&P=207	美格騰製作 2003/2/14 (1476K) 張鴻基勘誤60處 2017/12/1
臥龍生	飛燕驚龍	?M=book&P=208	美格騰製作 2003/2/14 (1706K) YAO勘誤243處 2017/11/3
臥龍生	風雨燕歸來	?M=book&P=418	美格騰製作 2005/5/20 (1338K) mPDB勘誤 2015/4/3
臥龍生	天劍絕刀	?M=book&P=10T1	嘉明製作 2010/12/8 (1439K) 張鴻基勘誤33處、敖先榮勘誤148處 2016/7/1
臥龍生	天馬霜衣	?M=book&P=419	美格騰製作 2005/5/25 (1093K) 饒嘉陽勘誤10處 2016/5/6
臥龍生	天涯俠侶	?M=book&P=420	美格騰製作 2005/6/5 (787K) mPDB勘誤 2015/6/5
臥龍生	天香飆	?M=book&P=274	美格騰製作 2004/3/2 (1253K) 峰勘誤 2015/7/3
臥龍生	絳雪玄霜	?M=book&P=275	Simon校正 2015/6/5 (1796K) ED2015勘誤3處 2015/11/6
臥龍生	幽靈四豔	?M=book&P=1109	嘉明製作 2011/1/21 (658K) 敖先榮勘誤23處 2015/11/6
臥龍生	無名簫	?M=book&P=276	美格騰製作 2004/3/20 (2088K) 張鴻基勘誤53處、敖先榮勘誤72處 2017/12/1
臥龍生	飄花令	?M=book&P=295	美格騰製作 2004/5/30 (1950K) mPDB勘誤 2015/4/3
臥龍生	新仙鶴神針	?M=book&P=417	美格騰製作 2005/5/16 (1170K) frozenblue、ED2015勘誤 2015/5/1
臥龍生	雙鳳旗	?M=Share&P=1084	張鴻基製作 2010/4/11 (1716K) Eirene勘誤382處 2017/5/5
臥龍生	金劍鵰翎	?M=book&P=1121	張鴻基製作 2011/2/18 (1842K) YAO勘誤190處 2017/3/3
臥龍生	岳小釵	?M=book&P=1137	張鴻基製作 2011/3/18 (1707K) YAO勘誤114處 2017/5/5
臥龍生	十二魔令	?M=book&P=1196	張鴻基製作 2011/6/24 (1926K) 喬峰勘誤432處 2016/8/5
臥龍生	飛鈴	?M=book&P=1126	陳冠宏製作 2011/3/4 (1452K) mPDB勘誤 2015/6/5
臥龍生	天龍甲	?M=book&P=11D9	張鴻基製作 2011/8/20 (1373K) 敖先榮勘誤204處 2016/2/5
臥龍生	金鳳剪	?M=book&P=11M0	張鴻基製作 2011/11/28 (1530K) ED2015勘誤 2015/7/3
臥龍生	劍氣洞徹九重天	?M=book&P=12G8	Simon製作 2012/11/2 (1037K) 峰勘誤 2014/10/3
臥龍生	飛花逐月	?M=book&P=12J2	Simon製作 2012/11/23 (927K) 費格遜勘誤1處 2017/2/3
臥龍生	金筆點龍記	?M=book&P=1671	陳冠宏製作 2016/5/6 (1583K) giff勘誤13處 2017/12/1
臥龍生	施公案	null	null
諸葛青雲	紫電青霜	?M=Share&P=10B4	嘉明更新 2015/1/2 (946K)
諸葛青雲	一劍光寒十四州	?M=Share&P=1050	嘉明更新 2015/1/2 (788K)
諸葛青雲	霹靂薔薇	?M=Share&P=1062	嘉明製作 2010/3/17 (1527K) 旺財8341、ED2015勘誤 2015/2/6
諸葛青雲	江湖夜雨十年燈	?M=book&P=1150	嘉明更新 2014/12/5 (857K) 敖先榮勘誤 2015/2/6
諸葛青雲	奪魂旗	?M=book&P=1114	嘉明製作 2011/1/28 (1388K) 峰勘誤 2015/8/7
諸葛青雲	鐵劍朱痕	?M=book&P=10S5	嘉明製作 2010/12/2 (737K) Peter Ko勘誤 2015/1/2
諸葛青雲	殺伐世家	?M=book&P=10S6	嘉明製作 2010/12/3 (737K) mPDB勘誤 2015/6/5
諸葛青雲	一鈴半劍	?M=book&P=1138	嘉明製作 2011/3/25 (800K) mPDB勘誤 2015/6/5
諸葛青雲	劫火紅蓮	?M=book&P=10S7	嘉明製作 2010/12/4 (974K) 旺財8341勘誤7處 2015/12/4
諸葛青雲	碧落紅塵	?M=Share&P=10K9	嘉明製作 2010/8/26 (821K) mPDB勘誤 2015/7/3
諸葛青雲	碧玉青萍	?M=Share&P=10D8	嘉明製作 2010/6/13 (813K) mPDB勘誤 2015/7/3
諸葛青雲	劍影春水	?M=Share&P=10H5	嘉明製作 2010/7/23 (794K) mPDB勘誤 2015/7/3
諸葛青雲	武林八修	?M=book&P=1103	嘉明製作 2011/1/14 (1172K) A Yung勘誤 2015/1/2
諸葛青雲	墨羽青驄	?M=book&P=1104	嘉明製作 2011/1/14 (1101K) mPDB勘誤 2015/7/3
諸葛青雲	金手書生	?M=book&P=13Q4	嘉明製作 2013/12/6 (809K)
諸葛青雲	武林三鳳	?M=book&P=14J5	嘉明製作 2014/6/6 (1132K)
諸葛青雲	生死盟	?M=book&P=10S9	嘉明製作 2010/12/6 (806K) mPDB勘誤 2015/6/5
諸葛青雲	彈劍江湖	?M=book&P=10P7	嘉明製作 2010/10/28 (791K) mPDB勘誤 2015/7/3
諸葛青雲	紅葉銷魂錄	?M=book&P=10P9	嘉明製作 2010/10/30 (934K) mPDB勘誤 2015/7/3
諸葛青雲	無字天書	?M=book&P=10Q0	嘉明製作 2010/10/31 (1407K) Gilbert、YSG勘誤 2015/8/7
諸葛青雲	俏羅剎	?M=book&P=10Q2	嘉明製作 2010/11/2 (1131K) mPDB勘誤 2015/7/3
諸葛青雲	鐵板銅琶	?M=Share&P=10E8	嘉明製作 2010/6/23 (1149K) mPDB勘誤 2015/7/3
諸葛青雲	四海群龍傳	?M=Share&P=10L0	嘉明製作 2010/8/27 (755K) 難兄難弟勘誤1處 2017/12/1
諸葛青雲	霸王裙	?M=Share&P=1093	嘉明製作 2010/4/16 (1274K) 嘉明補缺 2011/8/26
諸葛青雲	金鼎游龍	?M=Share&P=10A8	嘉明製作 2010/4/27 (794K) 費格遜勘誤4處 2015/12/4
諸葛青雲	梅花血	?M=Share&P=10L1	嘉明製作 2010/8/28 (970K) 泰山北斗勘誤 2015/9/4
諸葛青雲	咆哮紅顏	?M=book&P=10S8	嘉明製作 2010/12/5 (1018K) mPDB勘誤 2015/7/3
諸葛青雲	劍道天心	?M=Share&P=10B6	嘉明製作 2010/5/15 (1103K) mPDB勘誤 2015/7/3
諸葛青雲	劍戟公侯	?M=book&P=10T0	嘉明製作 2010/12/7 (1169K) 費格遜勘誤1處 2016/1/1
諸葛青雲	美人如玉劍如虹	?M=book&P=11D1	嘉明製作 2011/8/15 (586K) 東亞病夫、A Yung勘誤 2015/1/2
諸葛青雲	翡翠船	?M=Share&P=10I2	嘉明製作 2010/7/30 (1067K) 費格遜、ED2015勘誤 2015/1/2
諸葛青雲	五霸圖	?M=Share&P=10L2	嘉明製作 2010/8/29 (1103K) mPDB勘誤 2015/7/3
諸葛青雲	孤星冷月寒霜	?M=Share&P=10L3	嘉明製作 2010/8/30 (711K) mPDB勘誤 2015/7/3
諸葛青雲	陰陽谷	?M=Share&P=10C8	嘉明製作 2010/6/1 (658K) 費格遜勘誤5處 2016/2/5
諸葛青雲	百劫孤星	?M=Share&P=10L4	嘉明製作 2010/8/31 (1051K) 東亞病夫勘誤 2015/4/3
諸葛青雲	五嶽英豪傳	?M=book&P=10Q3	嘉明製作 2010/11/3 (859K) mPDB勘誤 2015/7/3
諸葛青雲	五霸七雄	?M=Share&P=10L5	嘉明製作 2010/9/1 (724K) mPDB勘誤 2015/7/3
諸葛青雲	酆都玉女	?M=Share&P=10E0	嘉明製作 2010/6/15 (202K) mPDB勘誤 2015/7/3
諸葛青雲	大寶傳奇	?M=book&P=1101	嘉明製作 2011/1/14 (518K) mPDB勘誤 2015/7/3
諸葛青雲	劍海情天	?M=book&P=1102	嘉明製作 2011/1/14 (1023K) mPDB勘誤 2015/7/3
諸葛青雲	怒馬香車	?M=Share&P=10I3	陳偉森製作 2010/7/31 (616K) A Yung勘誤 2014/12/5
黃易	破碎虛空	?M=book&P=74	美格騰製作 2007/2/9 (353K) 饒嘉陽勘誤2處 2016/10/7
黃易	尋秦記	?M=book&P=69	美格騰製作 2003/7/13 (3272K) For Lam勘誤二1處三1處四2處 2017/9/1
黃易	新版尋秦記	?M=book&P=81	申明生校正 2017/12/1 (2955K)
黃易	覆雨翻雲	?M=book&P=70	美格騰製作 2003/7/15 (3899K) 震古爍金勘誤四18處五34處六73處 2017/10/6
黃易	荊楚爭雄記	?M=book&P=223	美格騰製作 2003/1/17 (239K) Vincent勘誤9處、ED2015勘誤4處 2016/1/1
黃易	大唐雙龍傳	?M=book&P=191	美格騰製作 2003/10/19 (7647K) sky勘誤四1處 2017/12/1
黃易	日月當空	?M=book&P=17XZ	張燈製作 2017/12/1 (558K)
黃易	烏金血劍	?M=book&P=236	美格騰製作 2003/3/21 (242K) Vincent勘誤 2015/9/4
黃易	邊荒傳說	?M=book&P=423	美格騰製作 2005/7/27 (5761K) JC勘誤一6處三1處四3處五7處六2處七79處 2017/1/6
黃易	雲夢城之謎	?M=book&P=1127	邪派同盟製作 2011/3/4 (782K) Vincent勘誤1處 2016/10/7
黃易	大劍師傳奇	?M=Share&P=081102	假面測試員製作 2008/11/2 (1728K) 敖先榮勘誤三39處 2016/1/1
黃鷹	天蠶變	?M=Share&P=0847	Andy Lin製作 2008/12/9 (1430K) mPDB勘誤變17處再變57處 2016/12/2
黃鷹	吸血蛾	?M=book&P=1218	陳冠宏製作 2012/3/3 (442K) mPDB勘誤17處 2016/12/2
黃鷹	黑蜥蜴	?M=book&P=11A0	嘉明製作 2011/7/1 (310K) mPDB勘誤19處 2016/12/2
黃鷹	羅剎女	?M=book&P=1191	嘉明製作 2011/6/17 (386K) 難兄難弟勘誤1處 2016/12/2
黃鷹	水晶人	?M=book&P=1139	陳冠宏製作 2011/3/25 (455K) mPDB勘誤28處 2016/12/2
黃鷹	無翼蝙蝠	?M=book&P=1302	嘉明製作 2013/1/4 (506K) mPDB勘誤7處 2016/12/2
黃鷹	大俠沈勝衣	?M=book&P=1125	嘉明製作 2011/2/25 (459K) Gilbert勘誤9處 2017/8/4
黃鷹	白蜘蛛	?M=book&P=1339	陳冠宏製作 2013/2/8 (133K) A Yung勘誤 2014/12/5
黃鷹	畫眉鳥	?M=book&P=1340	陳冠宏製作 2011/2/8 (136K) A Yung勘誤 2014/12/5
黃鷹	骷髏殺手	?M=book&P=14X4	陳冠宏製作 2014/10/3 (122K) 敖先榮勘誤 2015/2/6
黃鷹	相思夫人	?M=book&P=1169	陳冠宏製作 2011/4/29 (113K) 敖先榮勘誤 2014/8/1
黃鷹	玉蜻蜓	?M=book&P=14X3	陳冠宏製作 2014/10/3 (125K)
黃鷹	十三殺手	?M=book&P=1155	嘉明製作 2011/4/22 (228K)
黃鷹	鳳鳳劫	?M=book&P=1161	嘉明製作 2011/4/29 (172K) 敖先榮勘誤 2014/9/5
黃鷹	無腸公子	?M=book&P=1170	嘉明製作 2011/5/6 (161K) 費格遜勘誤1處並提供書影 2017/8/4
黃鷹	死亡鳥	?M=book&P=1171	嘉明製作 2011/5/6 (152K) A Yung勘誤 2014/12/5
黃鷹	鬼簫	?M=book&P=1174	嘉明製作 2011/5/13 (155K) 敖先榮勘誤 2015/1/2
黃鷹	銀狼	?M=book&P=1175	嘉明製作 2011/5/13 (154K) Bryan勘誤 2015/9/4
黃鷹	碧血幽靈	?M=book&P=1179	嘉明製作 2011/5/20 (152K) A Yung勘誤 2014/12/5
黃鷹	七夜勾魂	?M=book&P=1184	嘉明製作 2011/5/27 (151K) A Yung勘誤 2014/12/5
黃鷹	天刀	?M=book&P=13D2	guinness製作 2013/6/7 (157K) Gilbert勘誤 2014/11/7
黃鷹	追獵八百里	?M=book&P=1189	嘉明製作 2011/6/3 (144K)
黃鷹	風雷引	?M=book&P=1195	嘉明製作 2011/6/24 (247K) 旺財8341勘誤1處並提供書影 2017/7/7
黃鷹	屠龍	?M=book&P=1136	陳冠宏製作 2011/3/18 (260K)
黃鷹	風神七戒	?M=book&P=14BB6	陳冠宏製作 2014/12/5 (279K) A Yung勘誤 2014/12/5
黃鷹	銷魂令	?M=book&P=14Y5	陳冠宏製作 2014/11/7 (306K) A Yung勘誤 2014/12/5
黃鷹	飛虹無敵	?M=book&P=11A3	嘉明製作 2011/7/15 (236K) A Yung勘誤 2014/12/5
黃鷹	御用殺手	?M=book&P=11B0	嘉明製作 2011/7/22 (306K) A Yung勘誤 2014/12/5
黃鷹	雁血飄香	?M=book&P=11D4	嘉明製作 2011/8/19 (294K)
黃鷹	飛龍引	?M=book&P=11B2	嘉明製作 2011/7/29 (348K)
黃鷹	九月奔雷	?M=book&P=11D8	嘉明製作 2011/8/20 (216K) A Yung勘誤 2014/12/5
黃鷹	封神劫	?M=book&P=11E0	嘉明製作 2011/8/21 (238K)
黃鷹	碧血濺京華	?M=book&P=11F9	嘉明製作 2011/9/4 (419K) A Yung勘誤 2014/12/5
黃鷹	名劍	?M=book&P=14BA9	陳冠宏製作 2014/11/7 (138K) A Yung勘誤 2014/11/7
黃鷹	天下第一刺客	?M=book&P=15N0	陳冠宏製作 2015/7/3 (91K)
黃鷹	天魔	?M=book&P=11J4	Peter Ko校正 2011/9/27 (407K) A Yung勘誤 2014/12/5
黃鷹	毒連環	?M=book&P=14Y7	陳冠宏製作 2014/11/7 (241K)
黃鷹	風雲十七劍	?M=book&P=1199	嘉明製作 2011/7/1 (229K) 難兄難弟勘誤 2015/2/6
黃鷹	妖魂	?M=book&P=11B1	嘉明製作 2011/7/22 (530K) 難兄難弟勘誤 2015/2/6
黃鷹	賊贓	?M=book&P=15S4	陳冠宏製作 2015/10/2 (198K)
司馬翎	關洛風雲錄	?M=book&P=14L9	Simon製作 2014/7/4 (1092K) giff勘誤10處 2016/10/7
司馬翎	劍神傳	?M=book&P=14R6	Simon製作 2014/8/1 (1225K) Suuny勘誤16處 2017/10/6
司馬翎	白骨令	?M=book&P=1542	Simon製作 2015/2/6 (744K) giff勘誤13處 2016/10/7
司馬翎	八表雄風	?M=book&P=14BA5	Simon製作 2014/11/7 (1482K) 石琦勘誤126處 2017/11/3
司馬翎	仙州劍隱	?M=book&P=14BA4	Simon製作 2014/11/7 (224K)
司馬翎	劍氣千幻錄	?M=book&P=14P1	Simon製作 2014/7/4 (1283K)
司馬翎	掛劍懸情記	?M=Share&P=10H0	嘉明製作 2011/7/18 (1393K) Anthony勘誤480處 2017/1/6
司馬翎	血羽檄	?M=book&P=1198	陳冠宏製作 2011/6/24 (1242K) giff勘誤58處 2017/10/6
司馬翎	飛羽天關	?M=book&P=193	陳冠宏校正 2011/3/11 (1235K) 陳冠宏勘誤 2015/2/6
司馬翎	倚刀春夢	?M=book&P=1159	陳冠宏製作 2011/4/22 (180K) mPDB勘誤 2014/4/4
司馬翎	金浮圖	?M=book&P=1134	null
司馬翎	丹鳳針	?M=book&P=1181	null
司馬翎	劍海鷹揚	?M=book&P=1186	Simon再校正 2014/5/2 (1556K) giff勘誤3處 2016/2/5
司馬翎	飲馬黃河	?M=book&P=11B5	Simon再校正 2014/5/2 (1304K)
司馬翎	聖劍飛霜	?M=book&P=11F5	Simon再校正 2015/6/5 (1221K) giff勘誤3處 2016/9/2
司馬翎	帝疆爭雄記	?M=book&P=12D9	Simon製作 2012/10/5 (1736K) 張鴻基勘誤19處 2017/11/3
司馬翎	檀車俠影	?M=book&P=13M9	Simon製作 2013/11/8 (1191K) giff勘誤3處 2017/1/6
司馬翎	纖手馭龍	?M=book&P=13P0	Simon製作 2013/12/6 (1485K) giff勘誤4處 2016/12/2
司馬翎	鶴高飛	?M=book&P=14B8	Simon製作 2014/4/4 (770K) 敖先榮勘誤 2014/5/2
司馬翎	紅粉干戈	?M=book&P=14B9	Simon製作 2014/4/4 (1401K) 張鴻基勘誤44處 2017/11/3
司馬翎	劍膽琴魂記	?M=book&P=14C0	Simon製作 2014/4/4 (877K) giff勘誤6處 2017/8/4
司馬翎	鐵柱雲旗	?M=book&P=14Z1	Simon製作 2014/11/7 (1443K)
司馬翎	武道．胭脂劫	?M=book&P=14G7	Simon製作 2014/5/2 (1539K) 敖先榮勘誤 2015/1/2
司馬翎	玉鉤斜	?M=book&P=14J3	Simon製作 2014/6/6 (1086K)
司馬翎	強人	?M=book&P=14X7	Simon製作 2014/10/3 (1084K) Simon、ED2015勘誤 2015/2/6
司馬翎	驚濤	?M=book&P=14X8	Simon製作 2014/10/3 (167K)
司馬翎	情鑄江湖	?M=book&P=14X9	Simon製作 2014/10/3 (348K)
司馬翎	極限	?M=book&P=14Q7	Simon製作 2014/8/1 (735K)
司馬翎	迷霧	?M=book&P=14R0	Simon製作 2014/8/1 (177K) 敖先榮勘誤 2014/9/5
司馬翎	春雨孤行	?M=book&P=14W3	Simon製作 2014/10/3 (166K)
司馬翎	刀影瑤姬	?M=book&P=1519	嘉明製作 2015/1/2 (1449K) 張鴻基勘誤28處 2017/2/3
司馬紫煙	紫玉釵	?M=book&P=14D9	嘉明製作 2014/7/4 (2409K)
司馬紫煙	多情浪子	?M=book&P=1145	嘉明製作 2011/4/8 (1224K) mPDB勘誤 2014/7/4
司馬紫煙	情劍山河	?M=book&P=1151	嘉明製作 2011/4/15 (719K) mPDB勘誤 2014/7/4
司馬紫煙	金玉盟	?M=book&P=1152	嘉明製作 2011/4/15 (548K) 敖先榮勘誤 2014/1/4
司馬紫煙	紅粉刀王	?M=book&P=1160	嘉明製作 2011/4/29 (1183K) Trotsky勘誤1處 2017/1/6
司馬紫煙	六月飛霜	?M=book&P=11J9	嘉明製作 2011/10/1 (777K) 難兄難弟、ED2015勘誤 2015/2/6
司馬紫煙	null	?M=book&P=11K7	嘉明製作 2011/10/27 (521K) 敖先榮勘誤 2014/8/1
司馬紫煙	千樹梅花一劍寒	?M=book&P=11L8	陳冠宏製作 2011/11/24 (1278K) Eirene勘誤16處 2017/3/3
司馬紫煙	劍神	?M=book&P=12B9	陳冠宏製作 2012/9/7 (440K) mPDB勘誤 2014/7/4
司馬紫煙	彩鳳飛	?M=book&P=15M0	陳冠宏製作 2015/7/3 (548K)
司馬紫煙	一字劍	?M=book&P=15N4	陳冠宏製作 2015/8/7 (947K)
玉翎燕	木劍驚鴻	?M=Share&P=10F5	嘉明製作 2010/7/1 (749K) 東亞病夫勘誤 2015/2/6
玉翎燕	五嶽一奇	?M=Share&P=10F6	嘉明製作 2010/7/2 (1301K) mPDB轉檔 2010/10/28
玉翎燕	尺八無情簫	?M=book&P=1108	嘉明製作 2011/1/21 (595K) 敖先榮勘誤 2013/8/2
玉翎燕	藍衫銀劍	?M=book&P=11H7	嘉明製作 2011/9/19 (1213K)
玉翎燕	劍雙飛	?M=book&P=11K1	嘉明製作 2011/10/14 (1060K)
蕭逸	馬鳴風蕭蕭	?M=book&P=186	美格騰製作 2002/11/29 (1495K) mPDB勘誤 2011/8/15
蕭逸	飲馬流花河	?M=book&P=188	美格騰製作 2002/11/29 (1220K) mPDB勘誤 2011/8/16
蕭逸	笑解金刀	?M=book&P=189	美格騰製作 2002/11/2 (577K) 敖先榮勘誤 2013/8/16
蕭逸	無憂公主	?M=book&P=227	美格騰製作 2003/2/20 (1533K) mPDB勘誤 2011/8/16
蕭逸	雪落馬蹄	?M=Share&P=09A4	美格騰製作 2009/10/30 (965K) mPDB勘誤 2011/8/18
蕭逸	天龍地虎	?M=book&P=11L6	嘉明製作 2011/11/18 (564K)
蕭逸	含情看劍	?M=book&P=13H5	guinness製作 2013/9/13 (918K)
蕭瑟	絕谷英豪傳	?M=Share&P=1082	嘉明製作 2010/4/11 (506K) mPDB勘誤 2011/8/18
蕭瑟	巨劍回龍	?M=book&P=14T5	嘉明製作 2014/9/5 (1054K)
蕭瑟	追雲搏電錄	?M=book&P=1129	嘉明製作 2011/3/11 (1054K)
蕭瑟	落星追魂	?M=book&P=10O6	嘉明製作 2010/10/16 (1342K) 東亞病夫、ED2015勘誤 2015/2/6
蕭瑟	五鳳朝陽	?M=book&P=1120	嘉明製作 2011/2/18 (674K)
蕭瑟	射日神劍	?M=book&P=1509	嘉明製作 2015/1/2 (1386K) A Yung勘誤 2015/1/2
蕭瑟	殘缺書生	?M=book&P=1143	嘉明製作 2011/4/1 (1046K)
蕭瑟	青衣修羅傳	?M=book&P=1325	嘉明製作 2013/1/25 (915K)
蕭瑟	白帝青后	?M=book&P=1352	嘉明製作 2013/2/22 (1063K) 唐賽兒、ED2105勘誤 2015/1/2
雲中岳	血漢妖狐	?M=book&P=11M1	陳冠宏製作 2011/11/30 (690K) xyfh66勘誤 2013/4/12
雲中岳	強龍過江	?M=book&P=1291	陳冠宏製作 2012/7/15 (697K)
雲中岳	劍海情濤	?M=book&P=11J5	嘉明製作 2011/9/28 (1514K) mPDB勘誤 2015/2/6
雲中岳	大地龍騰	?M=book&P=1220	嘉明製作 2012/3/6 (1649K)
雲中岳	莽野龍翔	?M=book&P=1394	嘉明製作 2013/4/12 (1537K)
雲中岳	火鳳凰	?M=book&P=11K2	嘉明製作 2011/10/17 (762K) 難兄難弟勘誤1處 2016/3/4
雲中岳	殺手春秋	?M=book&P=11L7	嘉明製作 2011/11/22 (769K) 潘安勘誤 2014/9/5
雲中岳	草莽爭雄	?M=book&P=1243	嘉明製作 2012/4/24 (823K)
雲中岳	霹靂天網	?M=book&P=12A3	嘉明製作 2012/8/7 (812K) chang勘誤 2012/8/14
雲中岳	京華魅影	?M=book&P=13A3	嘉明製作 2013/4/26 (765K) 旺財8341勘誤1處 2017/1/6
雲中岳	猛龍威鳳	?M=book&P=1205	嘉明製作 2012/1/23 (815K) 東亞病夫勘誤 2014/12/5
雲中岳	風塵歲月	?M=book&P=1222	嘉明製作 2012/3/15 (812K)
雲中岳	風塵怪俠	?M=book&P=1240	嘉明製作 2012/4/18 (1250K)
雲中岳	風雲錄	?M=book&P=12D7	嘉明製作 2012/10/5 (763K)
雲中岳	江漢屠龍	?M=book&P=12I8	嘉明製作 2012/11/23 (764K)
雲中岳	魅影魔蹤	?M=book&P=1385	嘉明製作 2013/3/29 (815K)
雲中岳	劍底情天	?M=book&P=11M2	嘉明製作 2011/12/1 (883K)
雲中岳	魔劍驚龍	?M=book&P=12B8	嘉明製作 2012/8/31 (804K)
雲中岳	龍虎風雲榜	?M=book&P=12H4	嘉明製作 2012/11/9 (745K)
雲中岳	湖海龍蛇	?M=book&P=12J5	嘉明製作 2012/11/30 (795K)
雲中岳	矯燕雄鷹	?M=book&P=12J6	嘉明製作 2012/11/30 (828K)
雲中岳	草莽英雄	?M=book&P=1399	嘉明製作 2013/4/19 (817K)
雲中岳	無情刀客有情天	?M=book&P=11L9	嘉明製作 2011/11/26 (755K)
雲中岳	亂世游龍	?M=book&P=1219	嘉明製作 2012/3/4 (808K) 敖先榮勘誤 2012/10/19
雲中岳	劍影迷情	?M=book&P=12D1	嘉明製作 2012/9/28 (828K)
雲中岳	冷劍飛鶯	?M=book&P=12D6	嘉明製作 2012/10/5
雲中岳	鋒刃綺情	?M=book&P=12D8	嘉明製作 2012/10/5 (805K)
雲中岳	虎踞龍蟠	?M=book&P=12J7	嘉明製作 2012/11/30 (505K)
雲中岳	烈火情挑	?M=book&P=13H1	嘉明製作 2013/9/6 (834K)
雲中岳	邪神傳	?M=book&P=1204	嘉明製作 2012/1/22 (712K) Gilbert勘誤 2015/8/7
雲中岳	碧血江南	?M=book&P=12D2	嘉明製作 2012/9/28 (765K)
雲中岳	刀氣撼春情	?M=book&P=1301	嘉明製作 2013/1/4 (826K)
雲中岳	情劍京華	?M=book&P=12O0	嘉明製作 2012/12/28 (826K)
雲中岳	虎膽雄風	?M=book&P=12M4	嘉明製作 2012/12/14 (796K)
雲中岳	湖海群英	?M=book&P=12K9	嘉明製作 2012/12/7 (767K)
雲中岳	虎嘯金陵	?M=book&P=1332	嘉明製作 2013/2/1 (816K) (武俠)
雲中岳	青鋒驚雷	?M=book&P=11M4	嘉明製作 2011/12/6 (1332K)
雲中岳	八荒龍蛇	?M=book&P=1245	嘉明製作 2012/4/28 (1431K)
雲中岳	劍壘情關	?M=book&P=12K8	嘉明製作 2012/12/7 (1427K)
雲中岳	俠影紅顏	?M=book&P=1345	嘉明製作 2013/2/8 (1317K) 景任福勘誤1處 2015/12/4
雲中岳	紅塵碧玉	?M=book&P=1202	嘉明製作 2012/1/20 (516K)
雲中岳	匣劍凝霜	?M=book&P=12G1	嘉明製作 2012/10/26 (1584K)
雲中岳	絕代梟雄	?M=book&P=12J8	嘉明製作 2012/11/30 (1135K)
雲中岳	霸海風雲	?M=book&P=12M8	嘉明製作 2012/12/21 (2478K) 敖先榮勘誤102處 2017/10/6
雲中岳	逸鳳引凰	?M=book&P=1309	嘉明製作 2013/1/11 (534K)
雲中岳	龍驤奇士	?M=book&P=11N2	嘉明製作 2011/12/30 (1260K)
雲中岳	草莽芳華	?M=book&P=1228	嘉明製作 2012/3/28 (1248K)
雲中岳	萬丈豪情	?M=book&P=12B1	嘉明製作 2012/8/24 (1200K)
雲中岳	幻劍情花	?M=book&P=1390	嘉明製作 2013/4/5 (1250K)
雲中岳	劍影寒	?M=book&P=13A8	嘉明製作 2013/5/3 (1553K)
雲中岳	大刺客	?M=book&P=1232	嘉明製作 2012/4/2 (1272K)
雲中岳	劍底揚塵	?M=book&P=1261	嘉明製作 2012/5/17 (1274K) mPDB勘誤81處 2017/4/7
雲中岳	天涯江湖路	?M=book&P=12I0	嘉明製作 2012/11/16 (1313K)
雲中岳	情天煉獄	?M=book&P=1393	嘉明製作 2013/4/5 (1325K) 問題不大勘誤 2013/5/3
雲中岳	四海鷹揚	?M=book&P=11L4	嘉明製作 2011/11/5 (772K) 嘉明勘誤 2011/11/6
雲中岳	莽原魔豹	?M=book&P=11N1	嘉明製作 2011/12/25 (758K) 嘉明更新 2012/2/29
雲中岳	濁世情鴛	?M=book&P=1299	嘉明製作 2012/7/27 (801K)
雲中岳	蛟索縛龍	?M=book&P=12A1	嘉明製作 2012/8/3 (888K)
雲中岳	霹靂刀劍情	?M=book&P=12G7	嘉明製作 2012/11/2 (773K)
雲中岳	劍仗天涯	?M=book&P=13C1	嘉明製作 2013/5/17 (853K)
雲中岳	劍嘯荒原	?M=book&P=1209	嘉明製作 2012/2/1 (1205K) 舉手之勞勘誤770處 2017/12/1
雲中岳	鋒鏑情潮	?M=book&P=1224	嘉明製作 2012/3/21 (1219K) 舉手之勞勘誤73處 2017/8/4
雲中岳	古劍懺情記	?M=book&P=12F2	嘉明製作 2012/10/19 (1165K)
雲中岳	亡命之歌	?M=book&P=1387	嘉明製作 2013/3/29 (1241K)
東方玉	縱鶴擒龍	?M=book&P=1283	嘉明製作 2012/7/1 (1476K)  giff勘誤6處 2017/5/5
東方玉	白衣俠	?M=Share&P=1039	嘉明製作 2010/2/16 (360K) 景任福勘誤1處 2016/4/1
東方玉	飛龍引	?M=Share&P=1041	嘉明製作 2010/2/18 (991K) mPDB勘誤65處 2016/12/2
東方玉	彩虹劍	?M=Share&P=1045	嘉明製作 2010/2/25 (1373K) 蓬萊方士勘誤 2015/9/4
東方玉	刀開明月環	?M=Share&P=1051	嘉明製作 2010/3/4 (791K) 難兄難弟勘誤 2015/1/2
東方玉	玉辟邪	?M=Share&P=1056	嘉明製作 2010/3/11 (852K) 難兄難弟勘誤 2015/2/6
東方玉	毒劍劫	?M=book&P=1268	嘉明製作 2012/5/24 (981K) mPDB勘誤52處 2016/12/2
東方玉	一劍破天驕	?M=book&P=1275	嘉明製作 2012/6/15 (769K) 旺財8341勘誤1處 2016/12/2
東方玉	石鼓歌	?M=book&P=1558	嘉明製作 2015/2/6 (1009K)
東方玉	金縷甲．秋水寒	?M=book&P=1295	嘉明製作 2012/7/21 (1361K) 敖先榮勘誤 2012/8/24
東方玉	金笛玉芙蓉	?M=book&P=1358	嘉明製作 2013/3/1 (749K) 敖先榮勘誤 2013/3/15
東方玉	紅線俠侶	?M=book&P=13K5	嘉明製作 2013/10/25 (1029K) mPDB勘誤54處 2016/12/2
東方玉	降龍珠	?M=book&P=14F2	嘉明製作 2014/5/2 (1313K)
東方玉	起舞蓮花劍	?M=book&P=1441	嘉明製作 2014/2/7 (679K)
東方玉	九轉簫	?M=book&P=1454	嘉明製作 2014/2/7 (1457K)
東方玉	雙鳳傳	?M=book&P=14J6	嘉明製作 2014/6/6 (848K)
東方玉	風塵三尺劍	?M=book&P=1458	嘉明製作 2014/2/7 (441K) 東亞病夫勘誤 2015/1/2
東方玉	紫玉香	?M=book&P=1459	嘉明製作 2014/2/7 (1237K) 旺財8341、ED2015勘誤 2015/2/6
東方玉	玫瑰劍	?M=book&P=14N1	嘉明製作 2014/7/4 (409K) 唐賽兒、ED2105勘誤 2015/1/2
東方玉	東方第一劍	?M=book&P=1487	嘉明製作 2014/2/7 (1216K)
東方玉	劍公子	?M=book&P=1495	嘉明製作 2014/3/7 (1071K) 難兄難弟勘誤1處 2017/10/6
東方玉	翠蓮曲	?M=book&P=14F9	嘉明製作 2014/5/2 (884K)
東方玉	龍孫	?M=book&P=14B1	嘉明製作 2014/4/4 (435K) 景任福勘誤2處 2016/3/4
東方玉	一劍小天下	?M=book&P=14D8	嘉明製作 2014/5/2 (1124K)
東方玉	新月美人刀	?M=book&P=14M0	嘉明製作 2014/7/4 (1044K)
東方玉	湖海遊龍	?M=book&P=1526	嘉明製作 2015/1/2 (718K) 難兄難弟勘誤 2015/9/4
東方玉	泉會俠蹤	?M=book&P=1705	難兄難弟製作 2017/1/6 (423K) giff勘誤上2處 2017/5/5
東方玉	神劍金釵	?M=book&P=1516	嘉明製作 2015/1/2 (926K) ED2105勘誤 2015/1/2
東方玉	三折劍	?M=book&P=1530	嘉明製作 2015/2/6 (958K) ED2015勘誤 2015/2/6
東方玉	北山驚龍	?M=Share&P=0973	陳偉森製作 2009/9/2 (920K) mPDB勘誤 2013/3/15
東方玉	霧中劍影	?M=Share&P=0995	陳偉森製作 2009/10/22 (437K) mPDB勘誤 2011/9/10
憶文	胭脂寶盒	?M=book&P=11I4	嘉明製作 2011/9/23 (496K)
憶文	白玉崙	?M=book&P=11J7	嘉明製作 2011/9/29 (335K) 敖先榮勘誤 2013/8/30
憶文	冷雨香魂	?M=book&P=11K0	嘉明製作 2011/10/6 (1269K)
憶文	翠蝶紫虹	?M=book&P=11K3	嘉明製作 2011/10/22 (772K)
憶文	豪俠嬌女	?M=book&P=1213	嘉明製作 2012/2/13 (575K)
憶文	飛虹玉女	?M=book&P=14O8	陳冠宏製作 2014/7/4 (456K) 陳冠宏重修標點 2014/9/5
憶文	玉佩金犀	?M=book&P=16B2	嘉明製作 2016/7/1 (935K)
倪匡	紫青雙劍錄	?M=book&P=17I9	嘉明製作 2017/9/1 (2492K)
倪匡	冰天俠女	?M=Share&P=10I9	嘉明製作 2010/8/6 (102K) mPDB勘誤8處 2016/11/4
倪匡	故劍	?M=book&P=1549	嘉明製作 2015/2/6 (81K) 敖先榮勘誤15處 2016/9/2
倪匡	小白鳳	?M=book&P=17G7	henry142製作 2017/7/7 (81K)
倪匡	盜盒	?M=book&P=17G8	henry142製作 2017/8/4 (105K)
倪匡	紅飛雁	?M=book&P=17K4	henry142製作 2017/9/1 (65K)
倪匡	火鳳凰	?M=book&P=1539	嘉明製作 2015/2/6 (106K) mPDB勘誤9處 2016/11/4
倪匡	八俊傑	?M=book&P=1543	嘉明製作 2015/2/6 (98K) mPDB勘誤1處 2016/11/4
倪匡	啞俠	?M=book&P=1535	嘉明製作 2015/2/6 (67K) mPDB勘誤2處 2016/11/4
倪匡	俠義金粉	?M=book&P=11E1	嘉明製作 2011/8/22 (158K) mPDB勘誤3處 2016/11/4
倪匡	鐵蝙蝠	?M=Share&P=10I8	嘉明製作 2010/8/5 (135K) mPDB勘誤2處 2016/11/4
倪匡	迴光壁	?M=book&P=17H2	henry142製作 2017/8/4 (68K)
倪匡	大俠金旋風	?M=book&P=17T0	henry142製作 2017/11/3 (136K)
倪匡	新獨臂刀	?M=Share&P=09E2	嘉明製作 2009/12/2 (83K) mPDB勘誤1處 2016/11/4
倪匡	寶劍千金	?M=book&P=17B6	henry142製作 2017/5/5 (67K)
倪匡	長虹貫日	?M=book&P=16Q0	henry142製作 2016/12/2 (68K)
倪匡	銀劍恨	?M=book&P=17E7	henry142製作 2017/6/2 (80K)
倪匡	龍虎雙劍俠	?M=book&P=16L1	guinness製作 2016/10/7 (175K)
倪匡	十三太保	?M=Share&P=1048	doomsday校正 2015/2/6 (167K) mPDB勘誤5處 2016/11/4
倪匡	殺氣嚴霜	?M=book&P=16R4	henry142製作 2016/12/2 (67K)
倪匡	影子神鞭	?M=book&P=17H1	henry142製作 2017/8/4 (68K)
倪匡	五虎屠龍	?M=book&P=17Q7	henry142製作 2017/10/6 (68K)
倪匡	追擊	?M=book&P=17S5	henry142製作 2017/11/3 (125K)
倪匡	鐵手無情	?M=book&P=16O0	null
倪匡	黃土	?M=book&P=17F5	henry142製作 2017/7/7 (42K)
倪匡	五雷轟頂	?M=book&P=17X2	henry142製作 2017/11/3 (104K)
倪匡	遊俠兒	?M=book&P=17H4	henry142製作 2017/8/4 (63K)
倪匡	飛針	?M=book&P=17G3	henry142製作 2017/7/7 (68K)
倪匡	劍分飛	?M=book&P=17L1	henry142製作 2017/9/1 (67K)
倪匡	紅鏢	?M=book&P=17E0	henry142製作 2017/6/2 (297K)
倪匡	紅梅金劍	?M=book&P=17P4	henry142製作 2017/10/6 (133K)
倪匡	夜遁	?M=book&P=17P9	henry142製作 2017/10/6 (107K)
倪匡	金腰帶	?M=book&P=10O5	嘉明製作 2010/10/15 (64K) mPDB勘誤4處 2016/11/4
倪匡	六指琴魔	?M=Share&P=0845	美格騰重整 2008/12/4 (1114K) Read2016勘誤2處 2016/11/4
倪匡	六指琴魔續集	?M=Share&P=0846	ivan tretiak製作 2008/12/7 (1186K) 張鴻基勘誤104處 2016/7/1
獨孤紅	武林正氣歌	?M=book&P=16H9	嘉明製作 2016/9/2 (790K) 美格騰補缺兩頁 2017/9/1
獨孤紅	情劍恩仇	?M=book&P=209	嘉明再整理 2014/5/2 (540K) mPDB勘誤13處 2016/9/2
獨孤紅	劍花紅	?M=book&P=216	美格騰製作 2003/2/17 (811K) mPDB勘誤40處 2016/9/2
獨孤紅	雍乾飛龍傳	?M=book&P=215	美格騰製作 2003/2/17 (1035K) 費格遜勘誤 2015/9/4
獨孤紅	雪魄梅魂	?M=book&P=1185	嘉明製作 2011/5/27 (750K) mPDB勘誤26處 2016/9/2
獨孤紅	玉釵香	?M=book&P=12C3	嘉明製作 2012/9/14 (965K) mPDB勘誤8處 2016/9/2
獨孤紅	劍客	?M=book&P=12D3	嘉明製作 2012/9/28 (1068K) mPDB勘誤24處 2016/9/2
獨孤紅	斷腸紅	?M=book&P=12G6	嘉明製作 2012/11/2 (1326K) mPDB勘誤32處 2016/9/2
獨孤紅	紅葉詩	?M=book&P=12I1	嘉明製作 2012/11/16 (889K) mPDB勘誤13處 2016/9/2
獨孤紅	無玷玉龍	?M=book&P=1327	嘉明製作 2013/1/25 (546K) mPDB勘誤7處 2016/9/2
獨孤紅	無玷玉龍續	?M=book&P=14N2	嘉明製作 2014/7/4 (792K) mPDB勘誤19處 2016/9/2
獨孤紅	宦海江湖	?M=book&P=1343	嘉明製作 2013/2/8 (517K) mPDB勘誤8處 2016/9/2
獨孤紅	大風沙	?M=book&P=14M4	嘉明製作 2014/7/4 (568K) 旺財8341勘誤3處並提供書影 2016/10/7
獨孤紅	龍虎會京華	?M=book&P=13C6	嘉明製作 2013/5/24 (844K) mPDB勘誤6處 2016/9/2
獨孤紅	帝疆風雲	?M=book&P=13I9	嘉明製作 2013/10/4 (539K) mPDB勘誤7處 2016/9/2
獨孤紅	報恩劍	?M=book&P=13C9	嘉明製作 2013/5/31 (767K) mPDB勘誤11處 2016/9/2
獨孤紅	武林春秋	?M=book&P=13D1	嘉明製作 2013/6/7 (859K) mPDB勘誤17處 2016/9/2
獨孤紅	檀香車	?M=book&P=13D3	嘉明製作 2013/6/14 (938K) mPDB勘誤23處 2016/9/2
獨孤紅	十二郎	?M=book&P=13D6	嘉明製作 2013/6/21 (941K) mPDB勘誤19處 2016/9/2
獨孤紅	鐵血柔情淚	?M=book&P=13F7	嘉明製作 2013/8/16 (1088K) mPDB勘誤19處 2016/10/7
獨孤紅	菩薩蠻	?M=book&P=13H4	嘉明製作 2013/9/13 (906K) mPDB勘誤9處 2016/10/7
獨孤紅	豪傑血	?M=book&P=13I5	嘉明製作 2013/9/27 (842K) 費格遜勘誤 2015/7/3
獨孤紅	男子漢	?M=book&P=13I6	嘉明製作 2013/9/27 (1021K) 難兄難弟勘誤 2014/9/5
獨孤紅	紫鳳釵	?M=book&P=13J7	嘉明製作 2013/10/18 (848K) mPDB勘誤41處 2016/10/7
獨孤紅	菩提劫	?M=book&P=1351	嘉明製作 2013/2/15 (1237K) Angela Huang勘誤 2015/7/3
獨孤紅	江湖人	?M=book&P=13J2	嘉明製作 2013/10/4 (929K) mPDB勘誤13處 2016/10/7
獨孤紅	丹心錄	?M=book&P=13I7	嘉明製作 2013/9/27 (1020K) mPDB勘誤7處 2016/10/7
獨孤紅	滿江紅	?M=book&P=13L1	嘉明製作 2013/11/1 (1371K) mPDB勘誤33處 2016/10/7
獨孤紅	江湖奇士	?M=book&P=13I8	嘉明製作 2013/10/4 (643K) mPDB勘誤9處 2016/10/7
獨孤紅	名劍明珠	?M=book&P=13J3	嘉明製作 2013/10/11 (628K) mPDB勘誤4處 2016/10/7
獨孤紅	玉翎雕	?M=book&P=13M2	嘉明製作 2013/11/8 (1174K) mPDB勘誤9處 2016/10/7
獨孤紅	龍爭虎鬥	?M=book&P=13M8	嘉明製作 2013/11/8 (762K) mPDB勘誤14處 2016/10/7
獨孤紅	俠骨頌	?M=book&P=13N7	嘉明製作 2013/11/15 (790K) mPDB勘誤17處 2016/10/7
獨孤紅	孤騎	?M=book&P=13O9	嘉明製作 2013/12/6 (1091K) mPDB勘誤8處 2016/10/7
獨孤紅	刀神	?M=book&P=13Q0	嘉明製作 2013/12/6 (733K) mPDB勘誤11處 2016/10/7
獨孤紅	俠種	?M=book&P=1410	嘉明製作 2014/1/3 (1031K) mPDB勘誤37處 2016/10/7
獨孤紅	劍膽琴心	?M=book&P=1411	嘉明製作 2014/1/3 (588K) mPDB勘誤14處 2016/10/7
獨孤紅	血花．血花	?M=book&P=1415	嘉明製作 2014/1/3 (671K) mPDB勘誤9處 2016/10/7
獨孤紅	帝疆驚龍	?M=book&P=1420	嘉明製作 2014/1/3 (577K) mPDB勘誤13處 2016/10/7
獨孤紅	聖心魔影	?M=book&P=1422	嘉明製作 2014/1/3 (1064K) mPDB勘誤30處 2016/10/7
獨孤紅	龍虎英雄	?M=book&P=1435	嘉明製作 2014/1/3 (658K) mPDB勘誤5處 2016/10/7
獨孤紅	血灑黃沙紅	?M=book&P=1442	嘉明製作 2014/2/7 (798K) mPDB勘誤20處 2016/10/7
獨孤紅	血滴神刀	?M=book&P=1446	嘉明製作 2014/2/7 (763K) mPDB勘誤7處 2016/10/7
獨孤紅	大明英烈傳	?M=book&P=1496	嘉明製作 2014/3/7 (1212K) A Yung勘誤 2014/10/3
獨孤紅	江湖路	?M=book&P=14G8	嘉明製作 2014/5/2 (724K) 溫帶勘誤 2014/10/3
獨孤紅	關山月	?M=book&P=14J4	嘉明製作 2014/6/6 (1610K)
獨孤紅	響馬	?M=book&P=14L3	嘉明製作 2014/7/4 (1015K)
獨孤紅	玉龍美豪客	?M=book&P=14M3	嘉明製作 2014/7/4 (884K)
獨孤紅	河山血淚情	?M=book&P=15L9	嘉明製作 2015/7/3 (656K)
慕容美	風雲榜	?M=book&P=213	美格騰製作 2003/2/17 (795K) giff勘誤14處、喬峰勘誤50處 2016/9/2
慕容美	黑白道	?M=book&P=263	美格騰製作 2004/1/25 (981K) mPDB勘誤 2011/8/19
慕容美	燭影搖紅	?M=book&P=267	美格騰製作 2004/2/1 (1515K) mPDB勘誤 2011/8/20
慕容美	金步搖	?M=book&P=268	美格騰製作 2004/2/8 (977K) mPDB勘誤 2011/8/20
慕容美	解語劍	?M=book&P=273	美格騰製作 2004/2/27 (861K) mPDB勘誤 2011/8/20
慕容美	一劍懸肝膽	?M=book&P=270	美格騰製作 2004/2/20 (916K) mPDB勘誤 2011/8/20
慕容美	祭劍台	?M=book&P=12B0	陳冠宏製作 2012/8/21 (793K)
慕容美	金龍寶典	?M=book&P=13G1	嘉明製作 2013/8/23 (1012K) mPDB勘誤21處 2017/9/1
慕容美	留春谷	?M=book&P=13G2	嘉明製作 2013/8/23 (809K)
慕容美	秋水芙蓉	?M=book&P=13H0	嘉明製作 2013/9/6 (1091K) 敖先榮勘誤 2013/9/20
慕容美	不了恩怨不了情	?M=book&P=13K2	嘉明製作 2013/10/18 (932K) ED2015勘誤 2015/5/1
慕容美	花月斷腸刀	?M=book&P=1503	陳冠宏製作 2015/1/2 (104K) 敖先榮勘誤 2015/2/6
慕容美	快活林	?M=book&P=1504	陳冠宏製作 2015/1/2 (410K) 敖先榮勘誤 2015/2/6
慕容美	無名鎮	?M=book&P=1532	doomsday製作 2015/2/6 (487K) ED2015勘誤 2015/2/6
上官虹	千佛手	?M=book&P=16F7	張鴻基製作 2016/9/2 (1013K) 敖先榮勘誤378處 2016/10/7
柳殘陽	修羅七絕	?M=book&P=1124	嘉明製作 2011/2/25 (1145K) Gilbert勘誤 2014/12/5
柳殘陽	天魁星	?M=book&P=1273	陳冠宏製作 2012/6/7 (733K)
柳殘陽	傲爺刀	?M=book&P=1123	Frank製作 2011/2/25 (611K)
柳殘陽	星魂	?M=book&P=1288	嘉明製作 2012/7/10 (666K)
柳殘陽	血斧	?M=book&P=12B4	嘉明製作 2012/8/28 (650K)
柳殘陽	巨靈出陣	?M=book&P=12E7	陳冠宏製作 2012/10/12 (464K)
柳殘陽	血刀江湖載酒行	?M=book&P=12N7	陳冠宏製作 2012/12/28 (163K) 江季杭勘誤 2015/5/1
柳殘陽	邪神門徒	?M=book&P=12A5	嘉明製作 2012/8/10 (985K) 問題不大勘誤 2015/1/2
柳殘陽	如來八法	?M=book&P=12A6	嘉明製作 2012/8/14 (986K) A Yung勘誤 2014/12/5
柳殘陽	邪神外傳	?M=book&P=12A9	嘉明製作 2012/8/21 (877K) A Yung勘誤 2014/12/5
柳殘陽	牧虎三山	?M=book&P=14BC6	陳冠宏製作 2014/12/5 (448K) Gilbert勘誤 2015/3/6
柳殘陽	血染八荒	?M=book&P=1307	陳冠宏製作 2013/1/4 (445K) 景任福勘誤1處 2016/3/4
柳殘陽	俠盜來如風	?M=book&P=1333	陳冠宏製作 2013/2/1 (430K)
柳殘陽	山君	?M=book&P=1347	陳冠宏製作 2013/2/15 (297K) 景任福勘誤1處 2016/3/4
柳殘陽	傷情箭	?M=book&P=13Q5	doomsday製作 2013/12/6 (115K)
柳殘陽	大雪滿弓刀	?M=book&P=1562	陳冠宏製作 2015/2/6 (475K) 景任福勘誤2處 2016/3/4
柳殘陽	鐵劍丹心	?M=book&P=17B7	嘉明製作 2017/5/5 (640K)
溫瑞安	四大名捕會京師	?M=book&P=38	美格騰製作 2001/10/5 (725K) Erving Zhao勘誤15處 2017/5/5
溫瑞安	唐方一戰	?M=book&P=13I2	張燈製作 2013/9/20 (144K) Erving Zhao勘誤21處 2017/10/6
溫瑞安	骷髏畫	?M=book&P=1414	張燈製作 2014/1/3 (375K)
溫瑞安	殺楚	?M=Share&P=0808	mirage校正 2011/12/12 (297K) 敖先榮、yannling勘誤 2013/4/5
溫瑞安	少年鐵手	?M=Share&P=0809	寶老師製作 2008/3/10 (446K) yannling勘誤 2011/11/9
溫瑞安	殺人者唐斬	?M=book&P=16S4	khcabc製作 2016/12/2 (127K) giff勘誤12處 2017/9/1
溫瑞安	碎夢刀	?M=book&P=13H7	1, 張燈製作 2013/9/13 (138K) 敖先榮勘誤 2013/9/20
溫瑞安	大陣仗	?M=book&P=13L0	2, 張燈製作 2013/10/25 (129K)
溫瑞安	開謝花	?M=book&P=13L2	3, 張燈製作 2013/11/1 (136K)
溫瑞安	談亭會	?M=book&P=13M3	4, 張燈製作 2013/11/8 (126K)
溫瑞安	捕老鼠	?M=book&P=1412	5, 張燈製作 2014/1/3 (124K) Gilbert勘誤16處 2016/2/5
溫瑞安	打老虎	?M=book&P=1443	6, 張燈製作 2014/2/7 (155K) Gilbert勘誤15處 2016/2/5
溫瑞安	猿猴月	?M=book&P=14C9	7, 張燈製作 2014/4/4 (120K)
溫瑞安	走龍蛇	?M=book&P=14I0	8, 張燈製作 2014/6/6 (113K)
溫瑞安	殺楚	null	null
溫瑞安	破陣	?M=book&P=14T7	2, 張燈製作 2014/9/5 (270K)
溫瑞安	龍虎風雲	?M=book&P=14C8	1, 張燈製作 2014/4/4 (286K) Gilbert勘誤 2014/10/3
溫瑞安	長安一戰	?M=book&P=14H8	2, 張燈製作 2014/6/6 (78K) Gilbert勘誤 2014/9/5
溫瑞安	落日大旗	?M=book&P=14P9	3, 張燈製作 2014/8/1 (212K) Gilbert勘誤 2014/10/3
溫瑞安	小雪初晴	?M=book&P=14Q0	4, 張燈製作 2014/8/1 (195K) Gilbert勘誤 2014/10/3
溫瑞安	殺人的心跳	?M=book&P=13A1	1, 匿名製作 2013/4/19 (134K) Mark勘誤1處 2016/5/6
溫瑞安	葉夢色	?M=book&P=13A6	2, 匿名製作 2013/4/26 (175K) Mark勘誤1處 2016/5/6
溫瑞安	天威	?M=book&P=13B4	3, 匿名製作 2013/5/3 (180K) 敖先榮勘誤 2013/9/27
溫瑞安	賴藥兒	?M=book&P=13B9	4, 匿名製作 2013/5/10 (200K) 敖先榮勘誤 2013/10/18
溫瑞安	落花劍影	?M=book&P=13C8	5, 匿名製作 2013/5/31 (202K) 敖先榮勘誤 2013/10/4
溫瑞安	刀疤記	?M=book&P=13D4	6, 匿名製作 2013/6/14 (203K) 敖先榮勘誤 2014/6/6
溫瑞安	劍氣長江	?M=Share&P=0372	1, 須彌芥子製作 2003/8/26 (347K) giff勘誤2處 2017/4/7
溫瑞安	兩廣豪傑	?M=Share&P=0373	2, 須彌芥子製作 2003/8/26 (189K) giff勘誤7處 2017/4/7
溫瑞安	江山如畫	?M=Share&P=0374	3, 須彌芥子製作 2003/8/26 (331K) giff勘誤5處 2017/4/7
溫瑞安	英雄好漢	?M=Share&P=0375	4, 須彌芥子製作 2003/8/26 (277K) giff勘誤2處 2017/4/7
溫瑞安	闖蕩江湖	?M=Share&P=0376	5, 須彌芥子製作 2003/8/26 (197K) 邱應琦勘誤 2013/7/5
溫瑞安	神州無敵	?M=Share&P=0377	6, 須彌芥子製作 2003/8/26 (211K) giff勘誤6處 2017/4/7
溫瑞安	寂寞高手	?M=Share&P=0378	7, 須彌芥子製作 2003/8/26 (209K) 邱應琦勘誤 2013/7/5
溫瑞安	天下有雪	?M=Share&P=0379	8, 須彌芥子製作 2003/8/26 (225K) giff勘誤13處 2017/4/7
溫瑞安	大俠傳奇	?M=book&P=13P2	張燈製作 2013/12/6 (618K) giff勘誤8處 2017/4/7
溫瑞安	大宗師一：血河車	?M=book&P=13J5	邱應琦製作 2013/10/11 (264K) YSG勘誤 2015/10/2
溫瑞安	大宗師二：逍遙遊	?M=book&P=13J6	邱應琦製作 2013/10/11 (254K) YSG勘誤 2015/10/2
溫瑞安	大宗師三：養生主	?M=book&P=13K0	邱應琦製作 2013/10/18 (236K) YSG勘誤 2015/10/2
溫瑞安	大宗師四：人間世	?M=book&P=13K1	邱應琦製作 2013/10/18 (255K) Gilbert勘誤5處 2016/2/5
鳳歌	崑崙前傳．鐵血天驕	?M=Share&P=090908a	書童製作 2009/9/8 (199K) mPDB勘誤 2011/9/7
鳳歌	崑崙一．天機卷	?M=Share&P=090907	書童製作 2009/9/7 (341K) mPDB勘誤 2011/9/7
鳳歌	崑崙二．純陽卷	?M=Share&P=090908b	書童製作 2009/9/7 (333K) sinner1206補缺 2013/4/5
鳳歌	崑崙三．破城卷	?M=Share&P=090908c	書童製作 2009/9/8 (337K) mPDB勘誤 2011/9/8
鳳歌	崑崙四．龍遊卷	?M=Share&P=090908d	書童製作 2009/9/8 (365K) mPDB勘誤 2011/9/8
鳳歌	崑崙五．劫波卷	?M=Share&P=090908e	書童製作 2009/9/8 (335K) mPDB勘誤 2011/9/8
鳳歌	崑崙六．天道卷	?M=Share&P=090908f	書童製作 2009/9/8 (389K) mPDB勘誤 2011/9/8
古龍	蒼穹神劍	?M=book&P=261	美格騰製作 2003/12/29 (444K) mPDB勘誤 2014/5/2
古龍	劍毒梅香	?M=Share&P=1031	嘉明製作 2010/2/10 (915K) mPDB勘誤 2014/5/2
古龍	殘金缺玉	?M=Share&P=1071	嘉明製作 2010/3/30 (216K) mPDB勘誤 2014/5/2
古龍	劍氣書香	?M=Share&P=1070	嘉明製作 2010/3/29 (176K) mPDB勘誤 2014/5/2
古龍	月異星邪	?M=Share&P=0987	嘉明製作 2009/10/16 (485K) mPDB勘誤 2011/7/1
古龍	遊俠錄	?M=Share&P=09E4	嘉明製作 2009/12/5 (421K) mPDB勘誤 2011/7/1
古龍	失魂引	?M=Share&P=09E3	嘉明製作 2009/12/3 (410K) mPDB勘誤 2011/7/1
古龍	劍客行	?M=Share&P=09D8	嘉明製作 2009/11/29 (959K) mPDB勘誤 2011/7/1
古龍	孤星傳	?M=Share&P=09C9	嘉明製作 2009/11/17 (720K) giff勘誤54處 2016/5/6
古龍	湘妃劍	?M=Share&P=09D6	嘉明製作 2009/11/26 (705K) Erving Zhao勘誤16處 2017/11/3
古龍	彩環曲	?M=Share&P=09F0	嘉明製作 2009/12/15 (506K) mPDB勘誤 2011/7/1
古龍	護花鈴	?M=Share&P=09C4	陳明製作 2009/11/14 (1028K) AK勘誤 2015/5/1
古龍	飄香劍雨	?M=Share&P=09B0	嘉明製作 2009/11/2 (579K) giff勘誤5處 2016/4/1
古龍	神君別傳	?M=Share&P=1033	嘉明製作 2010/2/10 (156K) mPDB勘誤 2011/7/1
古龍	情人箭	?M=Share&P=09F9	嘉明製作 2009/12/24 (1278K) giff勘誤6處 2017/4/7
古龍	大旗英雄傳	?M=Share&P=0109	嘉明製作 2010/1/13 (1337K) giff勘誤5處、ED2015勘誤2處 2015/11/6
古龍	劍玄錄	?M=Share&P=1024	嘉明製作 2010/2/1 (1396K) mPDB勘誤 2011/7/1
古龍	浣花洗劍錄	?M=book&P=203	美格騰製作 2003/2/13 (1323K) Erving Zhao勘誤四2處 2017/5/5
古龍	龍吟曲	?M=Share&P=1081	嘉明製作 2010/4/10 (557K) mPDB勘誤 2011/7/1
古龍	名劍風流	?M=Share&P=1080	嘉明製作 2010/4/9 (1396K) mPDB勘誤 2011/7/1
古龍	武林外史	?M=Share&P=1097	嘉明製作 2010/4/19 (1549K) 敖先榮勘誤 2013/6/7
古龍	絕代雙驕	?M=book&P=498	賴光亮校正 2014/12/5 (1730K) A Yung勘誤 2015/1/2
古龍	多情劍客無情劍	?M=book&P=178	George Wong校正 2010/9/7 (1107K) Bryan、賴光亮勘誤 2014/12/5
古龍	楚留香傳奇．血海飄香	?M=book&P=493	Mimic製作 2006/9/9 (319K) 敖先榮勘誤 2013/7/26
古龍	楚留香傳奇．大沙漠	?M=book&P=494	Mimic製作 2006/9/9 (433K) Erving Zhao勘誤4處 2017/8/4
古龍	楚留香傳奇．畫眉鳥	?M=book&P=495	Mimic製作 2006/9/9 (445K) Erving Zhao勘誤13處 2017/8/4
古龍	楚留香傳奇．借屍還魂	?M=Share&P=0113	嘉明製作 2010/1/19 (228K) 李維倫勘誤 2014/4/4
古龍	楚留香傳奇．蝙蝠傳奇	?M=Share&P=0112	嘉明製作 2010/1/16 (519K) 木一帆勘誤1處 2016/5/6
古龍	楚留香傳奇．桃花傳奇	?M=Share&P=1022	嘉明製作 2010/1/26 (322K) 建龍勘誤1處 2017/6/2
古龍	楚留香傳奇．新月傳奇	?M=Share&P=1017	嘉明製作 2010/1/22 (211K) 賴光亮勘誤 2014/9/5
古龍	楚留香傳奇．午夜蘭花	?M=book&P=173	陳冠宏校正 2015/5/1 (204K) giff勘誤4處 2017/2/3
古龍	蕭十一郎	?M=book&P=487	Mimic製作 2006/9/3 (455K) YAO勘誤8處 2016/11/4
古龍	歡樂英雄	?M=Share&P=0604	Mimic製作 2006/8/22 (783K) mark勘誤 2015/10/2
古龍	大人物	?M=Share&P=09C2	陳明製作 2009/11/12 (442K) giff勘誤2處 2017/5/5
古龍	流星蝴蝶劍	?M=book&P=256	美格騰製作 2003/7/18 (645K) 微涼的風勘誤8處、lucy勘誤14處、ED2015勘誤2處 2015/11/6
古龍	邊城浪子	?M=book&P=214	美格騰製作 2003/2/17 (828K) 浮生勘誤上1處中1處 2017/7/7
古龍	陸小鳳傳奇	?M=Share&P=0602	Mimic製作 2006/4/25 (343K) 敖先榮勘誤 2014/12/5
古龍	繡花大盜	?M=book&P=488	Mimic製作 2006/9/3 (257K) 林佩華勘誤 2014/4/4
古龍	決戰前後	?M=book&P=486	Mimic製作 2006/9/3 (291K) 林佩華勘誤 2014/4/4
古龍	銀鉤賭坊	?M=book&P=492	Mimic製作 2006/9/9 (300K) 小萌勘誤 2010/9/18
古龍	幽靈山莊	?M=book&P=489	Mimic製作 2006/9/9 (363K) 林佩華勘誤 2012/12/7
古龍	九月鷹飛	?M=Share&P=0980	嘉明製作 2009/10/8 (589K) giff勘誤3處 2015/12/4
古龍	火併蕭十一郎	?M=Share&P=09E6	嘉明製作 2009/12/7 (602K) YAO勘誤3處 2017/1/6
古龍	長生劍	?M=Share&P=0603	Mimic製作 2006/8/11 (129K) giff勘誤2處 2017/8/4
古龍	七種武器之孔雀翎	?M=Share&P=09B9	陳明製作 2009/11/12 (154K) mark勘誤1處、ED2015勘誤1處、敖先榮勘誤2處 2015/11/6
古龍	碧玉刀	?M=Share&P=0448	Mimic製作 2004/9/2 (195K) giff勘誤7處 2017/4/7
古龍	七種武器之多情環	?M=Share&P=09C0	陳明製作 2009/11/12 (171K) giff勘誤2處 2016/7/1
古龍	霸王槍	?M=Share&P=0444	Mimic製作 2004/9/2 (283K) giff勘誤2處 2017/4/7
古龍	離別鉤	?M=book&P=415	Mimic製作 2005/5/3 (159K) mark勘誤2處 2015/12/4
古龍	七殺手	?M=book&P=485	Mimic製作 2006/9/3 (199K) 邱應琦勘誤 2013/9/6
古龍	血鸚鵡	?M=book&P=496	Mimic製作 2006/9/9 (582K) minna勘誤 2012/9/14
古龍	劍花煙雨江南	?M=Share&P=09B8	陳明製作 2009/11/12 (180K) 林佩華勘誤 2012/12/7
古龍	天涯明月刀	?M=book&P=490	Mimic製作 2006/9/9 (427K) giff勘誤2處 2017/10/6
古龍	憤怒的小馬	?M=Share&P=09C1	陳明製作 2009/11/12 (230K) mark勘誤2處 2015/12/4
古龍	白玉老虎	?M=Share&P=0977	null
古龍	三少爺的劍	?M=book&P=1434	賴光亮校正 2014/12/5 (543K)
古龍	圓月彎刀	?M=Share&P=0605	Mimic製作 2006/8/22 (727K) 林佩華勘誤 2012/12/7
古龍	碧血洗銀槍	?M=Share&P=0447	Mimic製作 2004/9/2 (283K) giff、YSG勘誤 2015/10/2
古龍	大地飛鷹	?M=Share&P=09C3	khcabc校正 2017/8/4 (686K)
古龍	七星龍王	?M=book&P=457	null
古龍	鳳舞九天	?M=book&P=491	Mimic製作 2006/9/9 (365K) 小萌勘誤 2011/1/8
古龍	英雄無淚	?M=Share&P=0989	陳偉森製作 2009/10/19 (367K) YAO勘誤44處 2016/10/7
古龍	劍神一笑	?M=Share&P=0976	嘉明製作 2009/10/7 陸小鳳系列之七 (267K) 大頭勘誤 2014/5/2
古龍	風鈴中的刀聲	?M=Share&P=0978	嘉明製作 2009/10/7 (365K) CE勘誤 2011/12/4
古龍	獵鷹	?M=book&P=14U3	1, 邱應琦製作 2014/9/5 (54K) giff勘誤3處 2017/10/6
古龍	群狐	?M=book&P=14U4	2, 邱應琦製作 2014/9/5 (73K) JC勘誤 2015/10/2
古龍	海神	?M=Share&P=0501	3, Mimic 製作 2005/4/10 (36K) 敖先榮勘誤 2013/6/7
古龍	狼牙	?M=Share&P=0502	null
古龍	追殺	?M=Share&P=0503	null
古龍	賭局	?M=Share&P=0504	6, Mimic 製作 2005/4/8 (29K) 敖先榮勘誤 2014/5/2
古龍	菊花的刺	?M=Share&P=0996	陳偉森製作 2009/10/23 (687K) 林佩華勘誤 2012/12/7
古龍	null	?M=book&P=1267	嘉明製作 2012/5/23 (135K) James勘誤 2014/4/4
古龍	殺氣嚴霜	?M=book&P=1274	嘉明製作 2012/6/8 (1614K)
古龍	那一劍的風情	?M=book&P=13D8	嘉明製作 2013/6/21 (513K)
古龍	絕不低頭	?M=book&P=15V3	陳冠宏製作 2015/11/6 (513K) ED2015勘誤15處 2015/11/6
